{"bed$$go":0.999554455280304,"i$$seem":0.9951220154762268,"i$$say":0.9964228272438049,"myself$$say":0.999996542930603,"she$$happen":0.9993960857391357,"another$$lead":5.9416433941805735e-6,"he$$say":0.9943234920501709,"he$$speak":4.5199332816991955e-5,"i$$occur":5.822306775371544e-6,"he$$talk":0.0032260501757264137,"i$$come":0.18345792591571808,"i$$important":0.7047954797744751,"i$$clear":0.999864935874939,"it$$see":0.863395631313324,"reason$$stand":0.00043678900692611933,"myself$$think":1.0,"i$$appear":0.059819627553224564,"they$$talk":0.0015956865390762687,"i$$happen":0.00802099984139204,"you$$listen":4.85908858536277e-5,"i$$lie":0.9988211989402771,"he$$seem":0.00044892472214996815,"she$$say":0.9927181005477905,"conclusion$$come":0.9744163155555725,"it$$get":0.9807319045066833,"mind$$come":0.9989200830459595,"himself$$say":0.9999600648880005,"that$$come":0.010049769654870033,"i$$talk":0.00022743985755369067,"it$$use":0.00014302687486633658,"you$$put":0.0022157328203320503,"it$$look":0.07699048519134521,"she$$talk":0.059553876519203186,"i$$matter":0.16662271320819855,"he$$explain":0.6368613243103027,"you$$swear":0.03492742404341698,"he$$happen":0.5364841222763062,"you$$talk":0.0001320147857768461,"you$$lie":0.9995701909065247,"work$$back":0.9999890327453613,"i$$be":0.0002976486866828054,"you$$say":0.9978535771369934,"you$$happen":0.04566610977053642,"bathroom$$go":0.9999921321868896,"college$$go":0.9999964237213135,"jail$$go":0.999975323677063,"god$$pray":1.0,"i$$make":0.005979270674288273,"it$$forward":0.00019431613327469677,"school$$go":0.9999991655349731,"rain$$go":0.9952859282493591,"you$$get":0.14120987057685852,"gym$$go":0.9999798536300659,"place$$come":0.00021353665215428919,"that$$drink":0.6052644848823547,"something$$up":0.0864252820611,"she$$speak":0.0006819569389335811,"hell$$go":0.9403584599494934,"it$$listen":0.009191161952912807,"you$$grateful":0.9999574422836304,"i$$listen":3.444101457716897e-5,"you$$come":0.037985991686582565,"herself$$say":0.9999762773513794,"i$$belong":0.0005355318426154554,"yourself$$owe":0.00016983966634143144,"i$$do":0.8372636437416077,"anyone$$recommend":0.9937880635261536,"you$$give":0.9951504468917847,"you$$important":0.9238731861114502,"bar$$admit":0.9965006113052368,"i$$good":0.9287446141242981,"we$$lie":0.997171938419342,"you$$explain":0.0003065737255383283,"you$$belong":0.0003239456855226308,"location$$be":1.219443817035426e-7,"anyone$$place":0.9981021285057068,"vegas$$go":0.9999995231628418,"sport$$new":0.00037635487387888134,"it$$i":0.9004179835319519,"you$$prove":0.35116592049598694,"enemy$$award":0.002790355822071433,"force$$award":0.0027638371102511883,"ecuador$$endemic":2.38668144447729e-6,"it$$leave":0.0024862964637577534,"you$$entitle":0.9992289543151855,"socialism$$new":4.060192623001058e-6,"r$$new":0.03794948384165764,"user$$karma":7.344063845948767e-8,"you$$forward":4.4175106239663364e-8,"page$$link":0.018951188772916794,"point$$be":0.9999997615814209,"channel$$subscribe":0.0007551767048425972,"you$$answer":7.23780340194935e-6,"administrator$$report":0.8752284049987793,"you$$apply":0.0038579977117478848,"ban$$lead":0.9952959418296814,"comment$$respond":0.9999194145202637,"rule$$make":0.9945928454399109,"removal$$subject":0.9999991655349731,"you$$go":0.9953092932701111,"bathroom$$come":0.9953384399414062,"that$$lie":0.0005212195101194084}