{"sense$$it":0.00741259939968586,"difference$$it":0.006693770177662373,"mistake$$i":0.9995083808898926,"sense$$that":0.001997858751565218,"money$$they":0.9506664872169495,"it$$we":0.029374148696660995,"mistake$$we":0.9999017715454102,"rule$$i":0.9999995231628418,"mistake$$he":1.0,"progress$$we":0.00025861524045467377,"it$$he":0.8448453545570374,"mistake$$everyone":0.9999983310699463,"mistake$$you":0.9986819624900818,"point$$i":0.0014298869064077735,"sense$$this":0.0020627446938306093,"that$$i":0.8895790576934814,"mistake$$they":0.9987834095954895,"mind$$i":0.09755395352840424,"decision$$i":0.23715020716190338,"it$$you":0.07063212990760803,"exception$$we":0.999215841293335,"difference$$that":0.0005063112475909293,"it$$she":0.3617553412914276,"mistake$$people":1.0,"decision$$you":0.8229792714118958,"mistake$$she":0.9999997615814209,"love$$we":0.4758400022983551,"it$$they":0.5434321761131287,"promise$$i":0.062172990292310715,"it$$it":0.9039642214775085,"sense$$nothing":6.4884821959765304e-9,"appointment$$i":0.9877391457557678,"this$$i":1.0,"team$$we":0.8097028136253357,"choice$$you":0.7881662845611572,"deal$$we":0.8703526854515076,"point$$you":0.04911397024989128,"call$$i":0.006643535103648901,"two$$that":0.8956155180931091,"reservation$$we":0.021651796996593475,"joke$$i":0.9870336055755615,"post$$i":0.9717918038368225,"sense$$t":1.5867906100197615e-8,"sense$$you":0.002295595360919833,"contribution$$you":0.0003409995697438717,"difference$$doe":0.03558476269245148,"submission$$you":0.0005632384563796222}