{"we$$lose":0.18441331386566162,"you$$notice":0.37143707275390625,"you$$experience":0.20912399888038635,"he$$help":0.22736859321594238,"we$$chance":0.3014475405216217,"they$$idea":0.02612830139696598,"we$$understanding":0.026128292083740234,"i$$reason":0.24790726602077484,"i$$problem":0.24939171969890594,"he$$problem":0.026128249242901802,"i$$anything":0.2237050086259842,"he$$chance":0.19215555489063263,"i$$clue":0.39665672183036804,"he$$choice":0.23540344834327698,"i$$interest":0.02612832747399807,"i$$answer":0.03912607207894325,"it$$anything":0.13953419029712677,"they$$access":0.019741447642445564,"they$$right":0.35030224919319153,"it$$everything":0.019741510972380638,"they$$way":0.026128314435482025,"they$$intention":0.20124180614948273,"we$$problem":0.4072037637233734,"we$$intention":0.026128346100449562,"we$$right":0.3312048017978668,"he$$plan":0.13546223938465118,"i$$idea":0.605095624923706,"i$$time":0.4361366629600525,"i$$people":0.019741501659154892,"you$$one":0.49426865577697754,"this$$nothing":0.019741477444767952,"she$$nothing":0.18743349611759186,"i$$intention":0.23540325462818146,"i$$degree":0.02612818405032158,"i$$that":0.3811073303222656,"you$$choice":0.48168253898620605,"he$$time":0.14344798028469086,"they$$daughter":0.026128292083740234,"you$$time":0.4121694564819336,"we$$everything":0.019741544499993324,"they$$nothing":0.019741510972380638,"i$$chance":0.40392017364501953,"we$$nothing":0.31603947281837463,"he$$nothing":0.0197414830327034,"he$$intention":0.2507660984992981,"we$$lot":0.21688756346702576,"you$$more":0.1663738191127777,"we$$agreement":0.3087875545024872,"you$$problem":0.4096374213695526,"i$$it":0.4924752712249756,"he$$idea":0.026128269731998444,"they$$reason":0.2008676379919052,"i$$feeling":0.2441239356994629,"we$$work":0.026128308847546577,"we$$time":0.4064513146877289,"i$$money":0.4377771019935608,"i$$dream":0.25640031695365906,"we$$choice":0.4670974314212799,"i$$drink":0.2168876677751541,"they$$child":0.026128366589546204,"i$$choice":0.5841986536979675,"i$$appointment":0.4244219958782196,"we$$anything":0.22428475320339203,"you$$chance":0.2988378703594208,"it$$nothing":0.019741516560316086,"you$$job":0.19250629842281342,"i$$way":0.32106220722198486,"it$$potential":0.02612818405032158,"we$$something":0.4349922835826874,"i$$job":0.4156325161457062,"he$$more":0.019741466268897057,"i$$nothing":0.341754674911499,"i$$letter":0.20786991715431213,"he$$one":0.4025144875049591,"i$$three":0.019741447642445564,"i$$more":0.1844133585691452,"i$$right":0.49560680985450745,"you$$nothing":0.4882063865661621,"i$$faith":0.3758445978164673,"he$$it":0.44288650155067444,"that$$nothing":0.019741490483283997,"you$$plan":0.44120436906814575,"they$$problem":0.026128292083740234,"we$$access":0.2008676826953888,"he$$child":0.026128338649868965,"they$$son":0.026128308847546577,"he$$something":0.019741490483283997,"they$$much":0.019741522148251534,"they$$chance":0.02612823247909546,"he$$way":0.026128172874450684,"we$$guest":0.026128308847546577,"we$$it":0.3567916750907898,"they$$choice":0.19215597212314606,"they$$trouble":0.019741501659154892,"you$$change":0.48471444845199585,"he$$attack":0.03264733776450157,"i$$heart":0.03912613168358803,"he$$everything":0.17532506585121155,"they$$anything":0.1274089515209198,"we$$plan":0.3202684223651886,"it$$more":0.2955896258354187,"it$$help":0.5769957900047302,"i$$witness":0.01974150538444519,"i$$visit":0.019741477444767952,"i$$use":0.1937555968761444,"i$$watch":0.01974150538444519,"i$$doubt":0.2241823971271515,"you$$work":0.36304014921188354,"he$$a":0.01974131353199482,"we$$reason":0.026128334924578667,"she$$choice":0.29393327236175537,"you$$date":0.32341110706329346,"they$$sex":0.3815990686416626,"we$$more":0.019741538912057877,"we$$opportunity":0.02612818405032158,"he$$right":0.5068554878234863,"you$$it":0.43920257687568665,"we$$people":0.019741538912057877,"he$$gun":0.3703148663043976,"i$$call":0.4423658549785614,"we$$reservation":0.5788427591323853,"he$$access":0.019741417840123177,"he$$reason":0.02612828090786934,"it$$little":0.019741522148251534,"i$$lot":0.026128217577934265,"we$$way":0.03264746442437172,"you$$a":0.28020787239074707,"you$$car":0.18441283702850342,"they$$something":0.019741510972380638,"i$$something":0.4056510925292969,"i$$ability":0.026128122583031654,"you$$right":0.5395431518554688,"people$$right":0.0261282566934824,"we$$evidence":0.019741538912057877,"she$$idea":0.026128314435482025,"they$$time":0.03264746814966202,"i$$dog":0.4459894001483917,"i$$opportunity":0.3351621925830841,"they$$it":0.2822904884815216,"we$$that":0.4426572918891907,"we$$responsibility":0.026128269731998444,"they$$power":0.02612808346748352,"i$$kid":0.3833118975162506,"i$$impression":0.02612818405032158,"you$$kid":0.3804738223552704,"we$$fight":0.4582659602165222,"you$$way":0.09697826206684113,"legend$$it":0.019741447642445564,"they$$that":0.21879498660564423,"i$$regret":0.2091241478919983,"you$$child":0.40452805161476135,"luck$$it":0.02612828090786934,"i$$thing":0.10046204924583435,"he$$point":0.026128172874450684,"i$$place":0.22133009135723114,"i$$notice":0.12740905582904816,"i$$help":0.4563925862312317,"i$$fun":0.37483251094818115,"i$$tell":0.3367478549480438,"we$$money":0.03912632539868355,"i$$child":0.32481515407562256,"you$$gut":0.4355278015136719,"they$$money":0.0197414830327034,"he$$trouble":0.01974145695567131,"i$$complaint":0.36999037861824036,"i$$work":0.2687702775001526,"they$$ability":0.026128096505999565,"it$$lot":0.026128243654966354,"i$$desire":0.026128338649868965,"we$$enough":0.019741535186767578,"we$$any":0.03264753893017769,"we$$one":0.2465522736310959,"i$$responsibility":0.2012416422367096,"we$$deal":0.48741233348846436,"i$$family":0.32379838824272156,"she$$child":0.0261283777654171,"you$$power":0.20786936581134796,"they$$everything":0.019741501659154892,"she$$right":0.4840922951698303,"i$$plan":0.37714457511901855,"they$$one":0.1815769076347351,"you$$boyfriend":0.45768457651138306,"it$$something":0.026128346100449562,"you$$ability":0.02612808346748352,"i$$expectation":0.02612842433154583,"i$$none":0.22310319542884827,"i$$one":0.5164936184883118,"i$$check":0.37974026799201965,"i$$taste":0.026128338649868965,"they$$gun":0.01974145695567131,"i$$trouble":0.19215606153011322,"they$$a":0.019741345196962357,"i$$everything":0.3303774893283844,"you$$much":0.2507663071155548,"we$$this":0.019741473719477654,"you$$doubt":0.22403676807880402,"we$$situation":0.02612828090786934,"i$$dinner":0.019741510972380638,"i$$much":0.2354034036397934,"i$$many":0.27363142371177673,"i$$accident":0.2258376032114029,"we$$idea":0.5365146398544312,"he$$ability":0.02612806297838688,"he$$interest":0.026128292083740234,"you$$money":0.5336546897888184,"he$$that":0.20086733996868134,"she$$boyfriend":0.4321483075618744,"i$$objection":0.2012418955564499,"i$$life":0.4483913481235504,"they$$fun":0.29062217473983765,"he$$anything":0.019741468131542206,"i$$word":0.13499392569065094,"that$$anything":0.1663738191127777,"i$$theory":0.21688756346702576,"i$$meeting":0.28652849793434143,"i$$anyone":0.03264753893017769,"i$$any":0.4617246389389038,"it$$that":0.019741447642445564,"you$$something":0.3767702579498291,"we$$kid":0.29580211639404297,"he$$son":0.1349937617778778,"i$$a":0.019741354510188103,"i$$tendency":0.0261282566934824,"i$$mention":0.08598300814628601,"i$$honor":0.02612811140716076,"i$$confidence":0.019741490483283997,"you$$business":0.02612828090786934,"i$$access":0.16018988192081451,"you$$people":0.019741473719477654,"i$$question":0.40291911363601685,"i$$daughter":0.4824155867099762,"you$$option":0.16159676015377045,"i$$experience":0.1967667192220688,"you$$trouble":0.3060595393180847,"she$$son":0.02612823247909546,"we$$trouble":0.019741538912057877,"i$$car":0.4022429585456848,"we$$appointment":0.026128249242901802,"i$$friend":0.31905487179756165,"it$$a":0.019741354510188103,"we$$order":0.17532511055469513,"you$$fun":0.03912625089287758,"they$$lot":0.026128217577934265,"i$$son":0.49653416872024536,