{"go$$drink":0.6488939523696899,"get$$think":0.4346296489238739,"meet$$life":0.6068499684333801,"propose$$time":0.6665435433387756,"go$$time":0.6178733706474304,"open$$think":0.45680758357048035,"start$$think":0.5815339088439941,"hurt$$everything":0.6757264137268066,"get$$sex":0.5564737319946289,"leave$$crush":0.6757263541221619,"start$$one":0.5903339982032776,"take$$think":0.602645993232727,"meet$$dream":0.6757264137268066,"show$$everything":0.6350885629653931,"come$$call":0.6068501472473145,"come$$nothing":0.6488939523696899,"die$$time":0.6488939523696899,"fuck$$think":0.6026460528373718,"say$$question":0.6757264733314514,"come$$life":0.6068500876426697,"disappear$$fight":0.5564736127853394,"leave$$think":0.6246105432510376,"marry$$money":0.6757264137268066,"be$$job":0.6026460528373718,"come$$time":0.5384355187416077,"call$$plan":0.6665434837341309,"start$$announcement":0.6757262945175171,"be$$friend":0.7131604552268982,"break$$think":0.582765519618988,"come$$idea":0.6757264137268066,"meet$$it":0.6281143426895142,"leave$$one":0.6665436029434204,"be$$you":0.4725129008293152,"have$$time":0.5108229517936707,"arrive$$life":0.6757263541221619,"leave$$drink":0.6488939523696899,"shoot$$think":0.602645993232727,"i$$life":0.7211447358131409,"know$$life":0.6350884437561035,"leave$$time":0.6246106028556824,"leave$$fight":0.6757264137268066,"lie$$think":0.5384353995323181,"die$$that":0.7053037881851196,"do$$think":0.5808970928192139,"be$$think":0.5384353995323181,"be$$it":0.5694782733917236,"have$$everything":0.7021726965904236,"see$$that":0.6350884437561035,"drink$$drink":0.47249457240104675,"go$$think":0.602645993232727,"go$$it":0.6854628324508667,"be$$time":0.5588291883468628,"have$$one":0.6339789628982544,"begin$$choice":0.5815338492393494,"do$$agreement":0.5815337896347046,"do$$choice":0.5837262868881226,"want$$choice":0.5647445917129517,"like$$tell":0.602645993232727,"do$$thought":0.4342404901981354,"do$$problem":0.46019601821899414,"mention$$idea":0.6488939523696899,"graduate$$job":0.6757263541221619,"read$$clue":0.6488940715789795,"look$$idea":0.43424078822135925,"move$$idea":0.6488940715789795,"tell$$idea":0.46019625663757324,"figure$$issue":0.6026458144187927,"read$$idea":0.6246105432510376}